<?xml version="1.0"?>
<!--
/**
 * Magento
 *
 * NOTICE OF LICENSE
 *
 * This source file is subject to the Academic Free License (AFL 3.0)
 * that is bundled with this package in the file LICENSE_AFL.txt.
 * It is also available through the world-wide-web at this URL:
 * http://opensource.org/licenses/afl-3.0.php
 * If you did not receive a copy of the license and are unable to
 * obtain it through the world-wide-web, please send an email
 * to license@magentocommerce.com so we can send you a copy immediately.
 *
 * DISCLAIMER
 *
 * Do not edit or add to this file if you wish to upgrade Magento to newer
 * versions in the future. If you wish to customize Magento for your
 * needs please refer to http://www.magentocommerce.com for more information.
 *
 * @category    Mage
 * @package     Mage_CatalogRule
 * @copyright   Copyright (c) 2012 Magento Inc. (http://www.magentocommerce.com)
 * @license     http://opensource.org/licenses/afl-3.0.php  Academic Free License (AFL 3.0)
 */
-->
<config>
    <menu>
         <promo translate="title" module="catalogrule">
            <title>Promotions</title>
            <sort_order>50</sort_order>
            <children>
                <catalog translate="title" module="catalogrule">
                    <title>Catalog Price Rules</title>
                    <action>adminhtml/promo_catalog/</action>
                    <depends><module>Mage_Catalog</module></depends>
                </catalog>
            </children>
         </promo>
     </menu>
     <acl>
        <resources>
            <admin>
                <children>
                    <promo translate="title" module="catalogrule">
                        <title>Promotions</title>
                        <sort_order>50</sort_order>
                        <children>
                            <catalog translate="title">
                                <title>Catalog Price Rules</title>
                            </catalog>
                        </children>
                    </promo>
                </children>
            </admin>
        </resources>
     </acl>
</config>
