<?xml version="1.0"?>
<!--
/**
 * Magento
 *
 * NOTICE OF LICENSE
 *
 * This source file is subject to the Academic Free License (AFL 3.0)
 * that is bundled with this package in the file LICENSE_AFL.txt.
 * It is also available through the world-wide-web at this URL:
 * http://opensource.org/licenses/afl-3.0.php
 * If you did not receive a copy of the license and are unable to
 * obtain it through the world-wide-web, please send an email
 * to license@magentocommerce.com so we can send you a copy immediately.
 *
 * DISCLAIMER
 *
 * Do not edit or add to this file if you wish to upgrade Magento to newer
 * versions in the future. If you wish to customize Magento for your
 * needs please refer to http://www.magentocommerce.com for more information.
 *
 * @category    Mage
 * @package     Mage_Catalog
 * @copyright   Copyright (c) 2011 Magento Inc. (http://www.magentocommerce.com)
 * @license     http://opensource.org/licenses/afl-3.0.php  Academic Free License (AFL 3.0)
 */
-->
<config>
    <menu>
        <fme_extensions translate="title" module="fieldsmanager">
            <title>FME Extensions</title>
            <sort_order>71</sort_order>
            <children>
                <fieldsmanager translate="title" module="fieldsmanager">
                    <title>Fields Manager</title>
                    <children>
                        <fieldsmanager translate="title" module="fieldsmanager">
                            <title>Manage Fields</title>
                            <action>fieldsmanageradmin/fields</action>
                        </fieldsmanager>
                        <settings translate="title">
			      <title>Settings</title>
			      <sort_order>2</sort_order>
			      <action>adminhtml/system_config/edit/section/fieldsmanager/</action>
			</settings>
                    </children>
                    <sort_order>20</sort_order>
                </fieldsmanager>
                
            </children>
        </fme_extensions>
    </menu>
    <acl>
        <resources>
            <admin>
                <children>
                    <system>
                        <children>
                            <config>
                                <children>
                                    <fieldsmanager translate="title" module="fieldsmanager">
                                        <title>Fields Manager</title>
                                    </fieldsmanager>
                                </children>
                            </config>
                        </children>
		    </system>
                    <fme_extensions translate="title" module="fieldsmanager">
                        <title>FME Extensions</title>
                        <sort_order>30</sort_order>
                        <!--action>adminhtml/catalog</action-->
                        
                        <children>
                           
                            <fieldsmanager translate="title" module="fieldsmanager">
                                <title>Fields Manager</title>
                                <children>
                                    <fieldsmanager translate="title" module="fieldsmanager">
                                        <title>Manage Fields</title>
                                    </fieldsmanager>
                                    <settings translate="title">
                                        <title>Settings</title>
                                  </settings>
                                </children>
                                <sort_order>20</sort_order>
                            </fieldsmanager>
                                    
                        </children>
                    </fme_extensions>
                </children>
            </admin>
        </resources>
    </acl>

</config>
