<?xml version="1.0" encoding="utf-8"?>
<config>
    <acl>
        <resources>
            <admin>
                <children>
                    <system>
                        <children>
                            <config>
                                <children>
                                    <onestepcheckout translate="title" module="onestepcheckout">
                                        <title>facilecheckout One Step Checkout Section</title>
                                    </onestepcheckout>
                                </children>
                            </config>
                        </children>
                    </system>
                </children>
            </admin>
        </resources>
    </acl>
</config>