<?xml version="1.0"?>
<!--
/**
 * Magento
 *
 * NOTICE OF LICENSE
 *
 * This source file is subject to the Academic Free License (AFL 3.0)
 * that is bundled with this package in the file LICENSE_AFL.txt.
 * It is also available through the world-wide-web at this URL:
 * http://opensource.org/licenses/afl-3.0.php
 * If you did not receive a copy of the license and are unable to
 * obtain it through the world-wide-web, please send an email
 * to license@magentocommerce.com so we can send you a copy immediately.
 *
 * DISCLAIMER
 *
 * Do not edit or add to this file if you wish to upgrade Magento to newer
 * versions in the future. If you wish to customize Magento for your
 * needs please refer to http://www.magentocommerce.com for more information.
 *
 * @category    Mage
 * @package     Mage_Checkout
 * @copyright   Copyright (c) 2012 Magento Inc. (http://www.magentocommerce.com)
 * @license     http://opensource.org/licenses/afl-3.0.php  Academic Free License (AFL 3.0)
 */
-->
<config>
    <menu>
         <sales>
            <children>
                <checkoutagreement translate="title" module="checkout">
                    <sort_order>100</sort_order>
                    <title>Terms and conditions</title>
                    <action>adminhtml/checkout_agreement/</action>
                </checkoutagreement>
            </children>
         </sales>
    </menu>
    <acl>
        <resources>
            <admin>
                <children>
                    <sales>
                        <children>
                            <checkoutagreement translate="title" module="checkout">
                                <title>Terms and Conditions</title>
                                <sort_order>50</sort_order>
                            </checkoutagreement>
                        </children>
                    </sales>
                    <system>
                        <children>
                            <config>
                                <children>
                                    <checkout translate="title" module="checkout">
                                        <title>Checkout Section</title>
                                        <sort_order>70</sort_order>
                                    </checkout>
                                </children>
                            </config>
                        </children>
                    </system>
                </children>
            </admin>
        </resources>
    </acl>
</config>
