<?xml version="1.0"?>
<!--
/**
 * Magento
 *
 * NOTICE OF LICENSE
 *
 * This source file is subject to the Academic Free License (AFL 3.0)
 * that is bundled with this package in the file LICENSE_AFL.txt.
 * It is also available through the world-wide-web at this URL:
 * http://opensource.org/licenses/afl-3.0.php
 * If you did not receive a copy of the license and are unable to
 * obtain it through the world-wide-web, please send an email
 * to license@magentocommerce.com so we can send you a copy immediately.
 *
 * DISCLAIMER
 *
 * Do not edit or add to this file if you wish to upgrade Magento to newer
 * versions in the future. If you wish to customize Magento for your
 * needs please refer to http://www.magentocommerce.com for more information.
 *
 * @category    Mage
 * @package     Mage_Checkout
 * @copyright   Copyright (c) 2012 Magento Inc. (http://www.magentocommerce.com)
 * @license     http://opensource.org/licenses/afl-3.0.php  Academic Free License (AFL 3.0)
 */
-->
<config>
    <sections>
        <checkout translate="label" module="checkout">
            <label>Checkout</label>
            <tab>sales</tab>
            <frontend_type>text</frontend_type>
            <sort_order>305</sort_order>
            <show_in_default>1</show_in_default>
            <show_in_website>1</show_in_website>
            <show_in_store>0</show_in_store>
            <groups>
                <options translate="label">
                    <label>Checkout Options</label>
                    <frontend_type>text</frontend_type>
                    <sort_order>1</sort_order>
                    <show_in_default>1</show_in_default>
                    <show_in_website>1</show_in_website>
                    <show_in_store>0</show_in_store>
                    <fields>
                        <onepage_checkout_enabled translate="label">
                            <label>Enable Onepage Checkout</label>
                            <frontend_type>select</frontend_type>
                            <source_model>adminhtml/system_config_source_yesno</source_model>
                            <sort_order>5</sort_order>
                            <show_in_default>1</show_in_default>
                            <show_in_website>1</show_in_website>
                            <show_in_store>1</show_in_store>
                        </onepage_checkout_enabled>
                        <guest_checkout translate="label">
                            <label>Allow Guest Checkout</label>
                            <frontend_type>select</frontend_type>
                            <source_model>adminhtml/system_config_source_yesno</source_model>
                            <sort_order>10</sort_order>
                            <show_in_default>1</show_in_default>
                            <show_in_website>1</show_in_website>
                            <show_in_store>1</show_in_store>
                        </guest_checkout>
                        <customer_must_be_logged translate="label">
                            <label>Require Customer To Be Logged In To Checkout</label>
                            <frontend_type>select</frontend_type>
                            <source_model>adminhtml/system_config_source_yesno</source_model>
                            <depends><guest_checkout>0</guest_checkout></depends>
                            <sort_order>15</sort_order>
                            <show_in_default>1</show_in_default>
                            <show_in_website>1</show_in_website>
                            <show_in_store>0</show_in_store>
                        </customer_must_be_logged>                        
                        <enable_agreements translate="label">
                            <label>Enable Terms and Conditions</label>
                            <frontend_type>select</frontend_type>
                            <source_model>adminhtml/system_config_source_yesno</source_model>
                            <sort_order>20</sort_order>
                            <show_in_default>1</show_in_default>
                            <show_in_website>1</show_in_website>
                            <show_in_store>1</show_in_store>
                        </enable_agreements>
                    </fields>
                </options>

                <cart translate="label">
                    <label>Shopping Cart</label>
                    <sort_order>2</sort_order>
                    <show_in_default>1</show_in_default>
                    <show_in_website>1</show_in_website>
                    <show_in_store>1</show_in_store>
                    <fields>
                        <delete_quote_after translate="label">
                            <label>Quote Lifetime (days)</label>
                            <frontend_type>text</frontend_type>
                            <sort_order>1</sort_order>
                            <show_in_default>1</show_in_default>
                            <show_in_website>1</show_in_website>
                            <show_in_store>0</show_in_store>
                        </delete_quote_after>
                        <redirect_to_cart translate="label">
                            <label>After Adding a Product Redirect to Shopping Cart</label>
                            <frontend_type>select</frontend_type>
                            <source_model>adminhtml/system_config_source_yesno</source_model>
                            <sort_order>2</sort_order>
                            <show_in_default>1</show_in_default>
                            <show_in_website>1</show_in_website>
                            <show_in_store>1</show_in_store>
                        </redirect_to_cart>
                        <grouped_product_image translate="label">
                            <label>Grouped Product Image</label>
                            <frontend_type>select</frontend_type>
                            <source_model>adminhtml/system_config_source_product_thumbnail</source_model>
                            <sort_order>3</sort_order>
                            <show_in_default>1</show_in_default>
                            <show_in_website>1</show_in_website>
                            <show_in_store>1</show_in_store>
                        </grouped_product_image>
                        <configurable_product_image translate="label">
                            <label>Configurable Product Image</label>
                            <frontend_type>select</frontend_type>
                            <source_model>adminhtml/system_config_source_product_thumbnail</source_model>
                            <sort_order>4</sort_order>
                            <show_in_default>1</show_in_default>
                            <show_in_website>1</show_in_website>
                            <show_in_store>1</show_in_store>
                        </configurable_product_image>
                    </fields>
                </cart>

                <cart_link translate="label">
                    <label>My Cart Link</label>
                    <sort_order>3</sort_order>
                    <show_in_default>1</show_in_default>
                    <show_in_website>1</show_in_website>
                    <show_in_store>0</show_in_store>
                    <fields>
                        <use_qty translate="label">
                            <label>Display Cart Summary</label>
                            <frontend_type>select</frontend_type>
                            <source_model>checkout/config_source_cart_summary</source_model>
                            <sort_order>1</sort_order>
                            <show_in_default>1</show_in_default>
                            <show_in_website>1</show_in_website>
                            <show_in_store>0</show_in_store>
                        </use_qty>
                    </fields>
                </cart_link>

                <sidebar translate="label">
                    <label>Shopping Cart Sidebar</label>
                    <sort_order>4</sort_order>
                    <show_in_default>1</show_in_default>
                    <show_in_website>1</show_in_website>
                    <show_in_store>1</show_in_store>
                    <fields>
                        <display translate="label">
                            <label>Display Shopping Cart Sidebar</label>
                            <frontend_type>select</frontend_type>
                            <source_model>adminhtml/system_config_source_yesno</source_model>
                            <sort_order>1</sort_order>
                            <show_in_default>1</show_in_default>
                            <show_in_website>1</show_in_website>
                            <show_in_store>1</show_in_store>
                        </display>
                        <count translate="label">
                            <label>Maximum Display Recently Added Item(s)</label>
                            <frontend_type>text</frontend_type>
                            <sort_order>2</sort_order>
                            <show_in_default>1</show_in_default>
                            <show_in_website>1</show_in_website>
                            <show_in_store>1</show_in_store>
                        </count>
                    </fields>
                </sidebar>

                <payment_failed translate="label">
                    <label>Payment Failed Emails</label>
                    <frontend_type>text</frontend_type>
                    <sort_order>100</sort_order>
                    <show_in_default>1</show_in_default>
                    <show_in_website>1</show_in_website>
                    <show_in_store>1</show_in_store>
                    <fields>
                        <identity translate="label">
                            <label>Payment Failed Email Sender</label>
                            <frontend_type>select</frontend_type>
                            <source_model>adminhtml/system_config_source_email_identity</source_model>
                            <sort_order>1</sort_order>
                            <show_in_default>1</show_in_default>
                            <show_in_website>1</show_in_website>
                            <show_in_store>1</show_in_store>
                        </identity>
                        <reciever translate="label">
                            <label>Payment Failed Email Reciever</label>
                            <frontend_type>select</frontend_type>
                            <source_model>adminhtml/system_config_source_email_identity</source_model>
                            <sort_order>1</sort_order>
                            <show_in_default>1</show_in_default>
                            <show_in_website>1</show_in_website>
                            <show_in_store>1</show_in_store>
                        </reciever>
                        <template translate="label">
                            <label>Payment Failed Template</label>
                            <frontend_type>select</frontend_type>
                            <source_model>adminhtml/system_config_source_email_template</source_model>
                            <sort_order>2</sort_order>
                            <show_in_default>1</show_in_default>
                            <show_in_website>1</show_in_website>
                            <show_in_store>1</show_in_store>
                        </template>
                        <copy_to translate="label comment">
                            <label>Send Payment Failed Email Copy To</label>
                            <frontend_type>text</frontend_type>
                            <sort_order>4</sort_order>
                            <show_in_default>1</show_in_default>
                            <show_in_website>1</show_in_website>
                            <show_in_store>1</show_in_store>
                            <comment>Separate by ",".</comment>
                        </copy_to>
                        <copy_method translate="label">
                            <label>Send Payment Failed Email Copy Method</label>
                            <frontend_type>select</frontend_type>
                            <source_model>adminhtml/system_config_source_email_method</source_model>
                            <sort_order>5</sort_order>
                            <show_in_default>1</show_in_default>
                            <show_in_website>1</show_in_website>
                            <show_in_store>1</show_in_store>
                        </copy_method>
                    </fields>
                </payment_failed>
            </groups>
        </checkout>
    </sections>
</config>
