<?xml version="1.0"?>
<!--
/**
 * Fontis Australia Extension
 *
 * NOTICE OF LICENSE
 *
 * This source file is subject to the Open Software License (OSL 3.0)
 * that is bundled with this package in the file LICENSE.txt.
 * It is also available through the world-wide-web at this URL:
 * http://opensource.org/licenses/osl-3.0.php
 * If you did not receive a copy of the license and are unable to
 * obtain it through the world-wide-web, please send an email
 * to license@magentocommerce.com so we can send you a copy immediately.
 *
 * @category   Fontis
 * @package    Fontis_Australia
 * @author     Chris Norton
 * @copyright  Copyright (c) 2008 Fontis Pty. Ltd. (http://www.fontis.com.au)
 * @license    http://opensource.org/licenses/osl-3.0.php  Open Software License (OSL 3.0)
 */
-->
<config>
    <tabs>
        <fontis_extensions translate="label" module="australia">
            <label>Fontis Extensions</label>
            <sort_order>1000000</sort_order>
        </fontis_extensions>
    </tabs>
    <sections>
        <carriers>
            <groups>
                <australiapost translate="label" module="australia">
                    <label>Australia Post</label>
                    <frontend_type>text</frontend_type>
                    <sort_order>1</sort_order>
                    <show_in_default>1</show_in_default>
                    <show_in_website>1</show_in_website>
                    <show_in_store>1</show_in_store>
                    <fields>
                        <active translate="label">
                            <label>Enabled</label>
                            <frontend_type>select</frontend_type>
                            <source_model>adminhtml/system_config_source_yesno</source_model>
                            <sort_order>1</sort_order>
                            <show_in_default>1</show_in_default>
                            <show_in_website>1</show_in_website>
                            <show_in_store>1</show_in_store>
                        </active>
                        <name translate="label">
                            <label>Method name prefix</label>
                            <frontend_type>text</frontend_type>
                            <sort_order>3</sort_order>
                            <show_in_default>1</show_in_default>
                            <show_in_website>1</show_in_website>
                            <show_in_store>1</show_in_store>
                            <comment>Shown before each shipping method</comment>
                        </name>
                         <handling_type translate="label">
                            <label>Calculate Handling Fee</label>
                            <frontend_type>select</frontend_type>
                            <source_model>shipping/source_handlingType</source_model>
                            <sort_order>7</sort_order>
                            <show_in_default>1</show_in_default>
                            <show_in_website>1</show_in_website>
                            <show_in_store>0</show_in_store>
                        </handling_type>
                        <handling_fee translate="label">
                            <label>Handling Fee</label>
                            <frontend_type>text</frontend_type>
                            <sort_order>8</sort_order>
                            <show_in_default>1</show_in_default>
                            <show_in_website>1</show_in_website>
                            <show_in_store>1</show_in_store>
                        </handling_fee>
                        <weight_units translate="label">
                            <label>Products Use Units</label>
                            <frontend_type>select</frontend_type>
                            <source_model>australia/shipping_config_weightunits</source_model>
                            <sort_order>20</sort_order>                            
                            <show_in_default>1</show_in_default>
                            <show_in_website>1</show_in_website>
                            <show_in_store>1</show_in_store>
                            <comment>Specify the weight units that products use - they will be converted to grams</comment>
                        </weight_units>
                        <registered_post translate="label">
                        	<label>Use Registered Post</label>
                            <frontend_type>select</frontend_type>
                            <source_model>adminhtml/system_config_source_yesno</source_model>
                            <sort_order>22</sort_order>
                            <show_in_default>1</show_in_default>
                            <show_in_website>1</show_in_website>
                            <show_in_store>1</show_in_store>
                            <comment>Will enable extra options for insurance, calculated at standard Australia Post rates, and will use Registered Post methods instead of regular post.</comment>
                        </registered_post>
                        <registered_post_charge translate="label">
                        	<label>Registered Post Charge</label>
                            <frontend_type>text</frontend_type>
                            <sort_order>23</sort_order>
                            <show_in_default>1</show_in_default>
                            <show_in_website>1</show_in_website>
                            <show_in_store>1</show_in_store>
                            <comment>Surcharge that is added to shipping when using Registered Post.</comment>
                        </registered_post_charge>
                        <delivery_confirmation translate="label">
                        	<label>Use Delivery Confirmation</label>
                            <frontend_type>select</frontend_type>
                            <source_model>adminhtml/system_config_source_yesno</source_model>
                            <sort_order>24</sort_order>
                            <show_in_default>1</show_in_default>
                            <show_in_website>1</show_in_website>
                            <show_in_store>1</show_in_store>
                            <comment>The sender of a Registered Post article receives a card signed by the recipient. A $1.85 surcharge will be applied for domestic shipments, $3.30 for international.</comment>
                        </delivery_confirmation>
                        <person_to_person translate="label">
                        	<label>Use Person-to-Person</label>
                            <frontend_type>select</frontend_type>
                            <source_model>adminhtml/system_config_source_yesno</source_model>
                            <sort_order>26</sort_order>
                            <show_in_default>1</show_in_default>
                            <show_in_website>1</show_in_website>
                            <show_in_store>1</show_in_store>
                            <comment>The Registered Post article must be signed for by the person named in the address. A $5.50 surcharge will be applied.</comment>
                        </person_to_person>
                        <sort_order translate="label">
                            <label>Sort order</label>
                            <frontend_type>text</frontend_type>
                            <sort_order>100</sort_order>
                            <show_in_default>1</show_in_default>
                            <show_in_website>1</show_in_website>
                            <show_in_store>1</show_in_store>
                        </sort_order>
                        <title translate="label">
                            <label>Title</label>
                            <frontend_type>text</frontend_type>
                            <sort_order>2</sort_order>
                            <show_in_default>1</show_in_default>
                            <show_in_website>1</show_in_website>
                            <show_in_store>1</show_in_store>
                        </title>
                        <sallowspecific translate="label">
                            <label>Ship to applicable countries</label>
                            <frontend_type>select</frontend_type>
                            <sort_order>90</sort_order>
                            <frontend_class>shipping-applicable-country</frontend_class>
                            <source_model>adminhtml/system_config_source_shipping_allspecificcountries</source_model>
                            <show_in_default>1</show_in_default>
                            <show_in_website>1</show_in_website>
                            <show_in_store>1</show_in_store>
                        </sallowspecific>
                        <specificcountry translate="label">
                            <label>Ship to Specific countries</label>
                            <frontend_type>multiselect</frontend_type>
                            <sort_order>91</sort_order>
                            <source_model>adminhtml/system_config_source_country</source_model>
                            <show_in_default>1</show_in_default>
                            <show_in_website>1</show_in_website>
                            <show_in_store>1</show_in_store>
                        </specificcountry>
                        <showmethod translate="label">
                            <label>Show method if not applicable</label>
                            <frontend_type>select</frontend_type>
                            <sort_order>92</sort_order>
                            <source_model>adminhtml/system_config_source_yesno</source_model>
                            <show_in_default>1</show_in_default>
                            <show_in_website>1</show_in_website>
                            <show_in_store>1</show_in_store>
                        </showmethod>
                        <specificerrmsg translate="label">
                            <label>Displayed Error Message</label>
                            <frontend_type>textarea</frontend_type>
                            <sort_order>93</sort_order>
                            <show_in_default>1</show_in_default>
                            <show_in_website>1</show_in_website>
                            <show_in_store>1</show_in_store>
                        </specificerrmsg>
                    </fields>
                </australiapost>
                <eparcel translate="label">
                    <label>Australia Post eParcel</label>
                    <frontend_type>text</frontend_type>
                    <sort_order>2</sort_order>
                    <show_in_default>1</show_in_default>
                    <show_in_website>1</show_in_website>
                    <show_in_store>1</show_in_store>
                    <fields>
                         <handling_type translate="label">
                            <label>Calculate Handling Fee</label>
                            <frontend_type>select</frontend_type>
                            <source_model>shipping/source_handlingType</source_model>
                            <sort_order>7</sort_order>
                            <show_in_default>1</show_in_default>
                            <show_in_website>1</show_in_website>
                            <show_in_store>0</show_in_store>
                        </handling_type>
                        <handling_fee translate="label">
                            <label>Handling Fee</label>
                            <frontend_type>text</frontend_type>
                            <sort_order>8</sort_order>
                            <show_in_default>1</show_in_default>
                            <show_in_website>1</show_in_website>
                            <show_in_store>1</show_in_store>
                        </handling_fee>
                        <merchant_location_id translate="label">
                        	<label>Merchant Location ID</label>
                        	<frontend_type>text</frontend_type>
                            <sort_order>9</sort_order>
                            <show_in_default>1</show_in_default>
                            <show_in_website>1</show_in_website>
                            <show_in_store>1</show_in_store>
                            <comment>Provided by Australia Post. The unique ID specifying a specific merchant location.</comment>
                        </merchant_location_id>
                        <charge_code translate="label">
                        	<label>Charge Code</label>
                        	<frontend_type>text</frontend_type>
                            <sort_order>10</sort_order>
                            <show_in_default>1</show_in_default>
                            <show_in_website>1</show_in_website>
                            <show_in_store>1</show_in_store>
                            <comment>This is an alphanumeric code which identifies the service being used and is supplied by Australia Post.</comment>
                        </charge_code>
                        <post_charge_account translate="label">
                        	<label>Post Charge To Account</label>
                        	<frontend_type>text</frontend_type>
                            <sort_order>11</sort_order>
                            <show_in_default>1</show_in_default>
                            <show_in_website>1</show_in_website>
                            <show_in_store>1</show_in_store>
                            <comment>Merchant account to which Australia Post “post” the charges against for invoicing purposes.</comment>
                        </post_charge_account>
                        
                        <signature_required translate="label">
                        	<label>Signature Required</label>
                        	<frontend_type>select</frontend_type>
                            <source_model>adminhtml/system_config_source_yesno</source_model>
                            <sort_order>12</sort_order>
                            <show_in_default>1</show_in_default>
                            <show_in_website>1</show_in_website>
                            <show_in_store>1</show_in_store>
                            <comment>If Yes Australia Post will attempt to capture a signature and if no-one is in attendance the consignment will be “carded”.</comment>
                        </signature_required>
                        <signature_cost translate="label">
                        	<label>Signature Cost</label>
                            <frontend_type>text</frontend_type>
                            <sort_order>13</sort_order>
                            <show_in_default>1</show_in_default>
                            <show_in_website>1</show_in_website>
                            <show_in_store>1</show_in_store>
                            <comment>Additonal amount to charge for requiring a signature.</comment>
                        </signature_cost>

                        <insurance_step translate="label">
                            <label>Insurance Step</label>
                            <frontend_type>text</frontend_type>
                            <sort_order>20</sort_order>
                            <show_in_default>1</show_in_default>
                            <show_in_website>1</show_in_website>
                            <show_in_store>1</show_in_store>
                            <comment>If insurance is $1.05 per $100, set this field to 100.0</comment>
                        </insurance_step>
                        <insurance_cost_per_step translate="label">
                            <label>Insurance Cost Per Step</label>
                            <frontend_type>text</frontend_type>
                            <sort_order>21</sort_order>
                            <show_in_default>1</show_in_default>
                            <show_in_website>1</show_in_website>
                            <show_in_store>1</show_in_store>
                            <comment>If insurance is $1.05 per $100, set this field to 1.05</comment>
                        </insurance_cost_per_step>


                        <active translate="label">
                            <label>Enabled</label>
                            <frontend_type>select</frontend_type>
                            <source_model>adminhtml/system_config_source_yesno</source_model>
                            <sort_order>1</sort_order>
                            <show_in_default>1</show_in_default>
                            <show_in_website>1</show_in_website>
                            <show_in_store>1</show_in_store>
                        </active>
                        <condition_name translate="label">
                            <label>Condition</label>
                            <frontend_type>select</frontend_type>
                            <source_model>australia/shipping_config_eparcelcondition</source_model>
                            <sort_order>4</sort_order>
                            <show_in_default>1</show_in_default>
                            <show_in_website>1</show_in_website>
                            <show_in_store>0</show_in_store>
                        </condition_name>
                        <export translate="label">
                            <label>Export</label>
                            <frontend_type>export</frontend_type>
                            <sort_order>5</sort_order>
                            <show_in_default>0</show_in_default>
                            <show_in_website>1</show_in_website>
                            <show_in_store>0</show_in_store>
                        </export>
                        <import translate="label">
                            <label>Import</label>
                            <frontend_type>import</frontend_type>
                            <backend_model>australia/shipping_config_eparcel</backend_model>
                            <sort_order>6</sort_order>
                            <show_in_default>0</show_in_default>
                            <show_in_website>1</show_in_website>
                            <show_in_store>0</show_in_store>
                        </import>
                        <name translate="label">
                            <label>Method name</label>
                            <frontend_type>text</frontend_type>
                            <sort_order>3</sort_order>
                            <show_in_default>1</show_in_default>
                            <show_in_website>1</show_in_website>
                            <show_in_store>1</show_in_store>
                        </name>
                        <sort_order translate="label">
                            <label>Sort order</label>
                            <frontend_type>text</frontend_type>
                            <sort_order>100</sort_order>
                            <show_in_default>1</show_in_default>
                            <show_in_website>1</show_in_website>
                            <show_in_store>1</show_in_store>
                        </sort_order>
                        <title translate="label">
                            <label>Title</label>
                            <frontend_type>text</frontend_type>
                            <sort_order>2</sort_order>
                            <show_in_default>1</show_in_default>
                            <show_in_website>1</show_in_website>
                            <show_in_store>1</show_in_store>
                        </title>

                        <return_name>
                            <label>Return Address Name</label>
                            <frontend_type>text</frontend_type>
                            <sort_order>60</sort_order>
                            <show_in_default>1</show_in_default>
                            <show_in_website>1</show_in_website>
                            <show_in_store>1</show_in_store>
                        </return_name>
                        <return_addressline_1> 
                            <label>Return Address Line 1</label>
                            <frontend_type>text</frontend_type>
                            <sort_order>61</sort_order>
                            <show_in_default>1</show_in_default>
                            <show_in_website>1</show_in_website>
                            <show_in_store>1</show_in_store>
                        </return_addressline_1> 
                        <return_addressline_2> 
                            <label>Return Address Line 2</label>
                            <frontend_type>text</frontend_type>
                            <sort_order>62</sort_order>
                            <show_in_default>1</show_in_default>
                            <show_in_website>1</show_in_website>
                            <show_in_store>1</show_in_store>
                        </return_addressline_2> 
                        <return_addressline_3> 
                            <label>Return Address Line 3</label>
                            <frontend_type>text</frontend_type>
                            <sort_order>63</sort_order>
                            <show_in_default>1</show_in_default>
                            <show_in_website>1</show_in_website>
                            <show_in_store>1</show_in_store>
                        </return_addressline_3> 
                        <return_addressline_4> 
                            <label>Return Address Line 4</label>
                            <frontend_type>text</frontend_type>
                            <sort_order>64</sort_order>
                            <show_in_default>1</show_in_default>
                            <show_in_website>1</show_in_website>
                            <show_in_store>1</show_in_store>
                        </return_addressline_4> 
                        <return_suburb> 
                            <label>Return Suburb</label>
                            <frontend_type>text</frontend_type>
                            <sort_order>65</sort_order>
                            <show_in_default>1</show_in_default>
                            <show_in_website>1</show_in_website>
                            <show_in_store>1</show_in_store>
                        </return_suburb> 
                        <return_state> 
                            <label>Return State Code</label>
                            <frontend_type>text</frontend_type>
                            <sort_order>66</sort_order>
                            <show_in_default>1</show_in_default>
                            <show_in_website>1</show_in_website>
                            <show_in_store>1</show_in_store>
                            <comment>Must be a two- or three-letter state code</comment>
                        </return_state> 
                        <return_postcode> 
                            <label>Return Postcode</label>
                            <frontend_type>text</frontend_type>
                            <sort_order>67</sort_order>
                            <show_in_default>1</show_in_default>
                            <show_in_website>1</show_in_website>
                            <show_in_store>1</show_in_store>
                        </return_postcode> 

                        <sallowspecific translate="label">
                            <label>Ship to applicable countries</label>
                            <frontend_type>select</frontend_type>
                            <sort_order>90</sort_order>
                            <frontend_class>shipping-applicable-country</frontend_class>
                            <source_model>adminhtml/system_config_source_shipping_allspecificcountries</source_model>
                            <show_in_default>1</show_in_default>
                            <show_in_website>1</show_in_website>
                            <show_in_store>1</show_in_store>
                        </sallowspecific>
                        <specificcountry translate="label">
                            <label>Ship to Specific countries</label>
                            <frontend_type>multiselect</frontend_type>
                            <sort_order>91</sort_order>
                            <source_model>adminhtml/system_config_source_country</source_model>
                            <show_in_default>1</show_in_default>
                            <show_in_website>1</show_in_website>
                            <show_in_store>1</show_in_store>
                        </specificcountry>
                        <showmethod translate="label">
                            <label>Show method if not applicable</label>
                            <frontend_type>select</frontend_type>
                            <sort_order>92</sort_order>
                            <source_model>adminhtml/system_config_source_yesno</source_model>
                            <show_in_default>1</show_in_default>
                            <show_in_website>1</show_in_website>
                            <show_in_store>1</show_in_store>
                        </showmethod>
                        <specificerrmsg translate="label">
                            <label>Displayed Error Message</label>
                            <frontend_type>textarea</frontend_type>
                            <sort_order>80</sort_order>
                            <show_in_default>1</show_in_default>
                            <show_in_website>1</show_in_website>
                            <show_in_store>1</show_in_store>
                        </specificerrmsg>
                    </fields>
                </eparcel>
            </groups>
        </carriers>
        <payment translate="label" module="payment">
        	<groups>
                <bpay translate="label">
                    <label>BPAY</label>
                    <frontend_type>text</frontend_type>
                    <sort_order>5</sort_order>
                    <show_in_default>1</show_in_default>
                    <show_in_website>1</show_in_website>
                    <show_in_store>0</show_in_store>
                    <fields>
                        <active translate="label">
                            <label>Enabled</label>
                            <frontend_type>select</frontend_type>
                            <source_model>adminhtml/system_config_source_yesno</source_model>
                            <sort_order>1</sort_order>
                            <show_in_default>1</show_in_default>
                            <show_in_website>1</show_in_website>
                            <show_in_store>0</show_in_store>
                        </active>
						<customer_group_access translate="label">
							<label>Customer Group Access</label>
							<frontend_type>select</frontend_type>
							<source_model>australia/config_customerGroupAccess</source_model>
							<sort_order>3</sort_order>
							<show_in_default>1</show_in_default>
							<show_in_website>1</show_in_website>
							<show_in_store>0</show_in_store>
						</customer_group_access>
						<customer_group translate="label">
							<label>Customer Group</label>
							<frontend_type>select</frontend_type>
							<source_model>australia/config_customerGroups</source_model>
							<sort_order>4</sort_order>
							<show_in_default>1</show_in_default>
							<show_in_website>1</show_in_website>
							<show_in_store>0</show_in_store>
						</customer_group>
                        <sort_order translate="label">
                            <label>Sort order</label>
                            <frontend_type>text</frontend_type>
                            <sort_order>100</sort_order>
                            <show_in_default>1</show_in_default>
                            <show_in_website>1</show_in_website>
                            <show_in_store>0</show_in_store>
                        </sort_order>
                        <title translate="label">
                            <label>Title</label>
                            <frontend_type>text</frontend_type>
                            <sort_order>1</sort_order>
                            <show_in_default>1</show_in_default>
                            <show_in_website>1</show_in_website>
                            <show_in_store>0</show_in_store>
                        </title>
						<biller_code translate="label">
							<label>Biller Code</label>
							<sort_order>61</sort_order>
							<show_in_default>1</show_in_default>
							<show_in_website>1</show_in_website>
							<show_in_store>1</show_in_store>
						</biller_code>
						<calculate_using_customerid translate="label">
							<label>Use Customer ID for Ref</label>
							<frontend_type>select</frontend_type>
                            <source_model>adminhtml/system_config_source_yesno</source_model>
							<sort_order>62</sort_order>
							<show_in_default>1</show_in_default>
							<show_in_website>1</show_in_website>
							<show_in_store>1</show_in_store>
							<comment>Normally set to NO unless you use BPAY for recurring payments. Guest checkouts are NOT supported if this is set to YES.</comment>
						</calculate_using_customerid>
						<accept_credit_cards translate="label">
	                        <label>Accepts Credit Cards</label>
	                        <frontend_type>select</frontend_type>
                            <source_model>adminhtml/system_config_source_yesno</source_model>
	                        <sort_order>63</sort_order>
	                        <show_in_default>1</show_in_default>
	                        <show_in_website>1</show_in_website>
	                        <show_in_store>1</show_in_store>
	                        <comment>Set to NO if you do not accept credit card payments through BPAY. This simply changes the text presented to the customer.</comment>
                        </accept_credit_cards>
                        <message translate="label">
	                        <label>Message</label>
	                        <sort_order>64</sort_order>
	                        <show_in_default>1</show_in_default>
	                        <show_in_website>1</show_in_website>
	                        <show_in_store>1</show_in_store>
	                        <comment>Displayed during checkout. Customise this to notify your customers that they will be presented with BPAY information after checkout.</comment>
                        </message>
                        <allowspecific translate="label">
                            <label>Payment from applicable countries</label>
                            <frontend_type>allowspecific</frontend_type>
                            <sort_order>80</sort_order>
                            <source_model>adminhtml/system_config_source_payment_allspecificcountries</source_model>
                            <show_in_default>1</show_in_default>
                            <show_in_website>1</show_in_website>
                            <show_in_store>1</show_in_store>
                        </allowspecific>
                        <specificcountry translate="label">
                            <label>Payment from Specific countries</label>
                            <frontend_type>multiselect</frontend_type>
                            <sort_order>81</sort_order>
                            <source_model>adminhtml/system_config_source_country</source_model>
                            <show_in_default>1</show_in_default>
                            <show_in_website>1</show_in_website>
                            <show_in_store>1</show_in_store>
                        </specificcountry>
                        <min_order_total>
                            <label>Minimum Order Total</label>
                            <frontend_type>text</frontend_type>
                            <sort_order>98</sort_order>
                            <show_in_default>1</show_in_default>
                            <show_in_website>1</show_in_website>
                            <show_in_store>0</show_in_store>
                        </min_order_total>
                        <max_order_total>
                            <label>Maximum Order Total</label>
                            <frontend_type>text</frontend_type>
                            <sort_order>99</sort_order>
                            <show_in_default>1</show_in_default>
                            <show_in_website>1</show_in_website>
                            <show_in_store>0</show_in_store>
                        </max_order_total>
                        <model>
                        </model>
                    </fields>
                </bpay>
        		<directdeposit_au translate="label">
                    <label>Direct Deposit (AU)</label>
                    <frontend_type>text</frontend_type>
                    <sort_order>1</sort_order>
                    <show_in_default>1</show_in_default>
                    <show_in_website>1</show_in_website>
                    <show_in_store>0</show_in_store>
                    <fields>
                        <active translate="label">
                            <label>Enabled</label>
                            <frontend_type>select</frontend_type>
                            <source_model>adminhtml/system_config_source_yesno</source_model>
                            <sort_order>1</sort_order>
                            <show_in_default>1</show_in_default>
                            <show_in_website>1</show_in_website>
                            <show_in_store>0</show_in_store>
                        </active>
						<customer_group_access translate="label">
							<label>Customer Group Access</label>
							<frontend_type>select</frontend_type>
							<source_model>australia/config_customerGroupAccess</source_model>
							<sort_order>3</sort_order>
							<show_in_default>1</show_in_default>
							<show_in_website>1</show_in_website>
							<show_in_store>0</show_in_store>
						</customer_group_access>
						<customer_group translate="label">
							<label>Customer Group</label>
							<frontend_type>select</frontend_type>
							<source_model>australia/config_customerGroups</source_model>
							<sort_order>4</sort_order>
							<show_in_default>1</show_in_default>
							<show_in_website>1</show_in_website>
							<show_in_store>0</show_in_store>
						</customer_group>
                        <sort_order translate="label">
                            <label>Sort order</label>
                            <frontend_type>text</frontend_type>
                            <sort_order>100</sort_order>
                            <show_in_default>1</show_in_default>
                            <show_in_website>1</show_in_website>
                            <show_in_store>0</show_in_store>
                        </sort_order>
                        <title translate="label">
                            <label>Title</label>
                            <frontend_type>text</frontend_type>
                            <sort_order>1</sort_order>
                            <show_in_default>1</show_in_default>
                            <show_in_website>1</show_in_website>
                            <show_in_store>0</show_in_store>
                        </title>
						<account_name translate="label">
							<label>Account Name</label>
							<sort_order>61</sort_order>
							<show_in_default>1</show_in_default>
							<show_in_website>1</show_in_website>
							<show_in_store>1</show_in_store>
						</account_name>
						<account_bsb translate="label">
							<label>Account BSB</label>
							<sort_order>62</sort_order>
							<show_in_default>1</show_in_default>
							<show_in_website>1</show_in_website>
							<show_in_store>1</show_in_store>
						</account_bsb>
						<account_number translate="label">
							<label>Account Number</label>
							<sort_order>63</sort_order>
							<show_in_default>1</show_in_default>
							<show_in_website>1</show_in_website>
							<show_in_store>1</show_in_store>
						</account_number>
						<message translate="label">
							<label>Message</label>
							<sort_order>64</sort_order>
							<show_in_default>1</show_in_default>
							<show_in_website>1</show_in_website>
							<show_in_store>1</show_in_store>
						</message>
                        <allowspecific translate="label">
                            <label>Payment from applicable countries</label>
                            <frontend_type>allowspecific</frontend_type>
                            <sort_order>80</sort_order>
                            <source_model>adminhtml/system_config_source_payment_allspecificcountries</source_model>
                            <show_in_default>1</show_in_default>
                            <show_in_website>1</show_in_website>
                            <show_in_store>1</show_in_store>
                        </allowspecific>
                        <specificcountry translate="label">
                            <label>Payment from Specific countries</label>
                            <frontend_type>multiselect</frontend_type>
                            <sort_order>81</sort_order>
                            <source_model>adminhtml/system_config_source_country</source_model>
                            <show_in_default>1</show_in_default>
                            <show_in_website>1</show_in_website>
                            <show_in_store>1</show_in_store>
                        </specificcountry>
                        <min_order_total>
                            <label>Minimum Order Total</label>
                            <frontend_type>text</frontend_type>
                            <sort_order>98</sort_order>
                            <show_in_default>1</show_in_default>
                            <show_in_website>1</show_in_website>
                            <show_in_store>0</show_in_store>
                        </min_order_total>
                        <max_order_total>
                            <label>Maximum Order Total</label>
                            <frontend_type>text</frontend_type>
                            <sort_order>99</sort_order>
                            <show_in_default>1</show_in_default>
                            <show_in_website>1</show_in_website>
                            <show_in_store>0</show_in_store>
                        </max_order_total>
                        <model>
                        </model>
                    </fields>
                </directdeposit_au>                
	       	</groups>
        </payment>
        
        <fontis_australia>
            <label>Australia</label>
            <tab>fontis_extensions</tab>
            <frontend_type>text</frontend_type>
            <sort_order>999999</sort_order>
            <show_in_default>1</show_in_default>
            <show_in_website>1</show_in_website>
            <show_in_store>1</show_in_store>
        	<groups>
        		<business translate="label">
					<label>Business Details</label>
					<frontend_type>text</frontend_type>
					<sort_order>0</sort_order>
					<show_in_default>1</show_in_default>
					<show_in_website>1</show_in_website>
					<show_in_store>1</show_in_store>
					<fields>
						<abn translate="label">
							<label>ABN</label>
							<frontend_type>text</frontend_type>
							<sort_order>1</sort_order>
							<show_in_default>1</show_in_default>
							<show_in_website>1</show_in_website>
							<show_in_store>1</show_in_store>
							<comment>(Australian Business Number)</comment>
						</abn>
						<phone translate="label">
							<label>Phone Number</label>
							<frontend_type>text</frontend_type>
							<sort_order>2</sort_order>
							<show_in_default>1</show_in_default>
							<show_in_website>1</show_in_website>
							<show_in_store>1</show_in_store>
						</phone>
					</fields>
        		</business>
        	</groups>
        </fontis_australia>

        <fontis_feeds>
            <label>Feeds Generator</label>
            <tab>fontis_extensions</tab>
            <frontend_type>text</frontend_type>
            <sort_order>999999</sort_order>
            <show_in_default>1</show_in_default>
            <show_in_website>1</show_in_website>
            <show_in_store>1</show_in_store>
            <groups>
                <getpricefeed>
                    <label>GetPrice</label>
                    <frontend_type>text</frontend_type>
                    <sort_order>0</sort_order>
                    <show_in_default>1</show_in_default>
                    <show_in_website>1</show_in_website>
                    <show_in_store>1</show_in_store>
                    <fields>
                        <active translate="label">
                            <label>Enabled</label>
                            <frontend_type>select</frontend_type>
                            <source_model>adminhtml/system_config_source_yesno</source_model>
                            <sort_order>1</sort_order>
                            <show_in_default>1</show_in_default>
                            <show_in_website>1</show_in_website>
                            <show_in_store>0</show_in_store>
                        </active>
                        <include_all_products translate="label">
                            <label>Include products by default</label>
                            <frontend_type>select</frontend_type>
                            <source_model>adminhtml/system_config_source_yesno</source_model>
                            <sort_order>2</sort_order>
                            <show_in_default>1</show_in_default>
                            <show_in_website>1</show_in_website>
                            <show_in_store>0</show_in_store>
                            <comment>If 'yes', products will be included by default and excluded if the override attribute resolves true for the product. If 'no', products will be excluded by default and only included if the override attribute resolves true for the product.</comment>
                        </include_all_products>
                        <custom_filter_attribute translate="label">
                            <label>Override individual products with attribute</label>
                            <frontend_type>select</frontend_type>
                            <source_model>australia/config_productAttributes</source_model>
                            <sort_order>3</sort_order>
                            <show_in_default>1</show_in_default>
                            <show_in_website>1</show_in_website>
                            <show_in_store>1</show_in_store>
                            <comment>Products with this selected attribute and where the attribute resolves to true for the product will be excluded from the feed if inclusion is set to default (see above option). Otherwise products will only be included if this attribute is available for the product and the attribute resolves to true when inclusion by default is turned off (see above option).</comment>
                        </custom_filter_attribute>
                        <output translate="label">
                            <label>Output Filename</label>
                            <frontend_type>text</frontend_type>
                            <sort_order>4</sort_order>
                            <show_in_default>1</show_in_default>
                            <show_in_website>1</show_in_website>
                            <show_in_store>1</show_in_store>
                            <comment>XML files will be generated into this path.</comment>
                        </output>
                        <defaultcategory translate="label">
                            <label>Default Category</label>
                            <frontend_type>text</frontend_type>
                            <sort_order>5</sort_order>
                            <show_in_default>1</show_in_default>
                            <show_in_website>1</show_in_website>
                            <show_in_store>1</show_in_store>
                            <comment>Products with no category assigned will be assigned this category label.</comment>
                        </defaultcategory>
                        <manufacturer translate="label">
                            <label>Show Manufacturer</label>
                            <frontend_type>select</frontend_type>
                            <source_model>adminhtml/system_config_source_yesno</source_model>
                            <sort_order>6</sort_order>
                            <show_in_default>1</show_in_default>
                            <show_in_website>1</show_in_website>
                            <show_in_store>0</show_in_store>
                        </manufacturer>
                        <currency translate="label">
                            <label>Currency</label>
                            <frontend_type>text</frontend_type>
                            <sort_order>7</sort_order>
                            <show_in_default>1</show_in_default>
                            <show_in_website>1</show_in_website>
                            <show_in_store>0</show_in_store>
                        </currency>
                    </fields>
                </getpricefeed>
                <shopbotfeed>
                    <label>ShopBot</label>
                    <frontend_type>text</frontend_type>
                    <sort_order>0</sort_order>
                    <show_in_default>1</show_in_default>
                    <show_in_website>1</show_in_website>
                    <show_in_store>1</show_in_store>
                    <fields>
                        <active translate="label">
                            <label>Enabled</label>
                            <frontend_type>select</frontend_type>
                            <source_model>adminhtml/system_config_source_yesno</source_model>
                            <sort_order>1</sort_order>
                            <show_in_default>1</show_in_default>
                            <show_in_website>1</show_in_website>
                            <show_in_store>0</show_in_store>
                        </active>
                        <include_all_products translate="label">
                            <label>Include products by default</label>
                            <frontend_type>select</frontend_type>
                            <source_model>adminhtml/system_config_source_yesno</source_model>
                            <sort_order>2</sort_order>
                            <show_in_default>1</show_in_default>
                            <show_in_website>1</show_in_website>
                            <show_in_store>0</show_in_store>
                            <comment>If 'yes', products will be included by default and excluded if the override attribute resolves true for the product. If 'no', products will be excluded by default and only included if the override attribute resolves true for the product.</comment>
                        </include_all_products>
                        <custom_filter_attribute translate="label">
                            <label>Override individual products with attribute</label>
                            <frontend_type>select</frontend_type>
                            <source_model>australia/config_productAttributes</source_model>
                            <sort_order>3</sort_order>
                            <show_in_default>1</show_in_default>
                            <show_in_website>1</show_in_website>
                            <show_in_store>1</show_in_store>
                            <comment>Products with this selected attribute and where the attribute resolves to true for the product will be excluded from the feed if inclusion is set to default (see above option). Otherwise products will only be included if this attribute is available for the product and the attribute resolves to true when inclusion by default is turned off (see above option).</comment>
                        </custom_filter_attribute>
                        <output translate="label">
                            <label>Output Path</label>
                            <frontend_type>text</frontend_type>
                            <sort_order>4</sort_order>
                            <show_in_default>1</show_in_default>
                            <show_in_website>1</show_in_website>
                            <show_in_store>1</show_in_store>
                            <comment>XML files will be generated into this path.</comment>
                        </output>
                        <defaultcategory translate="label">
                            <label>Default Category</label>
                            <frontend_type>text</frontend_type>
                            <sort_order>5</sort_order>
                            <show_in_default>1</show_in_default>
                            <show_in_website>1</show_in_website>
                            <show_in_store>1</show_in_store>
                            <comment>Products with no category assigned will be assigned this category label.</comment>
                        </defaultcategory>
                        <m_to_xml_attributes translate="comment">
                            <label>Attributes to include in product feed</label>
                            <frontend_model>fontis_australia_block_shopbot</frontend_model>
                            <backend_model>adminhtml/system_config_backend_serialized_array</backend_model>
                            <sort_order>25</sort_order>
                            <show_in_default>1</show_in_default>
                            <show_in_website>1</show_in_website>
                            <show_in_store>1</show_in_store>
                            <comment></comment>
                        </m_to_xml_attributes>
                    </fields>
                </shopbotfeed>
                <myshoppingfeed>
                    <label>MyShopping</label>
                    <frontend_type>text</frontend_type>
                    <sort_order>0</sort_order>
                    <show_in_default>1</show_in_default>
                    <show_in_website>1</show_in_website>
                    <show_in_store>1</show_in_store>
                    <fields>
                        <active translate="label">
                            <label>Enabled</label>
                            <frontend_type>select</frontend_type>
                            <source_model>adminhtml/system_config_source_yesno</source_model>
                            <sort_order>1</sort_order>
                            <show_in_default>1</show_in_default>
                            <show_in_website>1</show_in_website>
                            <show_in_store>0</show_in_store>
                        </active>
                        <include_all_products translate="label">
                            <label>Include products by default</label>
                            <frontend_type>select</frontend_type>
                            <source_model>adminhtml/system_config_source_yesno</source_model>
                            <sort_order>2</sort_order>
                            <show_in_default>1</show_in_default>
                            <show_in_website>1</show_in_website>
                            <show_in_store>0</show_in_store>
                            <comment>If 'yes', products will be included by default and excluded if the override attribute resolves true for the product. If 'no', products will be excluded by default and only included if the override attribute resolves true for the product.</comment>
                        </include_all_products>
                        <custom_filter_attribute translate="label">
                            <label>Override individual products with attribute</label>
                            <frontend_type>select</frontend_type>
                            <source_model>australia/config_productAttributes</source_model>
                            <sort_order>3</sort_order>
                            <show_in_default>1</show_in_default>
                            <show_in_website>1</show_in_website>
                            <show_in_store>1</show_in_store>
                            <comment>Products with this selected attribute and where the attribute resolves to true for the product will be excluded from the feed if inclusion is set to default (see above option). Otherwise products will only be included if this attribute is available for the product and the attribute resolves to true when inclusion by default is turned off (see above option).</comment>
                        </custom_filter_attribute>
                        <output translate="label">
                            <label>Output Path</label>
                            <frontend_type>text</frontend_type>
                            <sort_order>4</sort_order>
                            <show_in_default>1</show_in_default>
                            <show_in_website>1</show_in_website>
                            <show_in_store>1</show_in_store>
                            <comment>XML files will be generated into this path.</comment>
                        </output>
                        <defaultcategory translate="label">
                            <label>Default Category</label>
                            <frontend_type>text</frontend_type>
                            <sort_order>5</sort_order>
                            <show_in_default>1</show_in_default>
                            <show_in_website>1</show_in_website>
                            <show_in_store>1</show_in_store>
                            <comment>Products with no category assigned will be assigned this category label.</comment>
                        </defaultcategory>
                        <m_to_xml_attributes translate="comment">
                            <label>Attributes to include in product feed</label>
                            <frontend_model>fontis_australia_block_myshopping</frontend_model>
                            <backend_model>adminhtml/system_config_backend_serialized_array</backend_model>
                            <sort_order>25</sort_order>
                            <show_in_default>1</show_in_default>
                            <show_in_website>1</show_in_website>
                            <show_in_store>1</show_in_store>
                            <comment></comment>
                        </m_to_xml_attributes>
                    </fields>
                </myshoppingfeed>
            </groups>
        </fontis_feeds>
    </sections>
</config>
