<?xml version="1.0"?>
<!--
/**
 * Magento
 *
 * NOTICE OF LICENSE
 *
 * This source file is subject to the Academic Free License (AFL 3.0)
 * that is bundled with this package in the file LICENSE_AFL.txt.
 * It is also available through the world-wide-web at this URL:
 * http://opensource.org/licenses/afl-3.0.php
 * If you did not receive a copy of the license and are unable to
 * obtain it through the world-wide-web, please send an email
 * to license@magentocommerce.com so we can send you a copy immediately.
 *
 * DISCLAIMER
 *
 * Do not edit or add to this file if you wish to upgrade Magento to newer
 * versions in the future. If you wish to customize Magento for your
 * needs please refer to http://www.magentocommerce.com for more information.
 *
 * @category    Mage
 * @package     Mage_XmlConnect
 * @copyright   Copyright (c) 2012 Magento Inc. (http://www.magentocommerce.com)
 * @license     http://opensource.org/licenses/afl-3.0.php  Academic Free License (AFL 3.0)
 */
-->

<theme>
    <manifest translate="label" module="xmlconnect">
        <name>funk_leaf</name>
        <label>Funk Leaf</label>
        <version>1.0</version>
        <requires>1.4.0.2</requires>
    </manifest>
    <configuration>
        <native>
            <navigationBar>
                <tintColor>#024800</tintColor>
            </navigationBar>
            <body>
                <primaryColor>#ABABAB</primaryColor>
                <secondaryColor>#7CD500</secondaryColor>
                <backgroundColor>#8CDE9C</backgroundColor>
                <scrollBackgroundColor>#FFFFFF</scrollBackgroundColor>
            </body>
            <categoryItem>
                <tintColor>#566101</tintColor>
                <backgroundColor>#FFFFFF</backgroundColor>
            </categoryItem>
            <itemActions>
                <relatedProductBackgroundColor>#FFFFFF</relatedProductBackgroundColor>
            </itemActions>
        </native>
        <extra>
            <fontColors>
                <header>#FFFFFF</header>
                <primary>#222222</primary>
                <secondary>#3E3F3F</secondary>
                <price>#025600</price>
            </fontColors>
        </extra>
    </configuration>
</theme>
